fd7f5318746191c505099243dccac0cc	fd7f5318746191c505099243dccac0cc	electric_bike	-121.82169433333334	37.35533816666667	0	0	1	2020-01-04T00:46:48Z
15f10a324cc105c628a1278aefd2e2fb	15f10a324cc105c628a1278aefd2e2fb	electric_bike	-121.82627016666666	37.363793	0	0	1	2020-01-04T00:46:48Z
e41bfaf9b4e36c71a9526151884715fb	e41bfaf9b4e36c71a9526151884715fb	electric_bike	-121.83426266666666	37.36108266666667	0	0	1	2020-01-04T00:46:48Z
770b7f4e9c1a6fb3ba276441c1754cff	770b7f4e9c1a6fb3ba276441c1754cff	electric_bike	-121.83452916666667	37.3600005	0	0	1	2020-01-04T00:46:48Z
246461aa337c66bfd92b0009274f9e96	246461aa337c66bfd92b0009274f9e96	electric_bike	-121.8410995	37.36197516666667	0	0	1	2020-01-04T00:46:48Z
cb5df34b6ada6caee12d6e3c43594250	cb5df34b6ada6caee12d6e3c43594250	electric_bike	-121.84298033333333	37.35607733333333	0	0	1	2020-01-04T00:46:48Z
a2522f4d380915bb80beb9c0171b4017	a2522f4d380915bb80beb9c0171b4017	electric_bike	-121.84600316666666	37.3611385	0	0	1	2020-01-04T00:46:48Z
ba3668e1787525458d081cdef8a85012	ba3668e1787525458d081cdef8a85012	electric_bike	-121.84461716666667	37.35818	0	0	1	2020-01-04T00:46:48Z
fe9388c32e29d6b9eaccf7c7293e8238	fe9388c32e29d6b9eaccf7c7293e8238	electric_bike	-121.8439535	37.35133716666667	0	0	1	2020-01-04T00:46:48Z
2bed404d41cb48f59874f80b21b889b3	2bed404d41cb48f59874f80b21b889b3	electric_bike	-121.84655933333333	37.34693716666666	0	0	1	2020-01-04T00:46:48Z
513631289e1326a2e7175fa0908cf75b	513631289e1326a2e7175fa0908cf75b	electric_bike	-121.85719366666666	37.365766666666666	0	0	1	2020-01-04T00:46:48Z
952c424932c680fdbf6bf5abeeb9b653	952c424932c680fdbf6bf5abeeb9b653	electric_bike	-121.8622805	37.369984833333334	0	0	1	2020-01-04T00:46:48Z
5748e98959504cee3be56b9cf2c8f643	5748e98959504cee3be56b9cf2c8f643	electric_bike	-121.85549766666666	37.352521333333335	0	0	1	2020-01-04T00:46:48Z
707f1db9e41c4088458808e46d687607	707f1db9e41c4088458808e46d687607	electric_bike	-121.8451515	37.32964616666667	0	0	1	2020-01-04T00:46:48Z
f36667f999ae107761c86ea30118bda5	f36667f999ae107761c86ea30118bda5	electric_bike	-121.84514133333333	37.32961066666667	0	0	1	2020-01-04T00:46:48Z
03009244c564cedead5e3bcf9742c2bb	03009244c564cedead5e3bcf9742c2bb	electric_bike	-121.86392	37.36759416666666	0	0	1	2020-01-04T00:46:48Z
4ef7169a07e374738c35cf4ef77edd60	4ef7169a07e374738c35cf4ef77edd60	electric_bike	-121.863977	37.36743716666667	0	0	1	2020-01-04T00:46:48Z
1e6c4579142f40eeb2b4dcb852f4391e	1e6c4579142f40eeb2b4dcb852f4391e	electric_bike	-121.85187966666666	37.3344655	0	0	1	2020-01-04T00:46:48Z
945e6992de4480cf3bf791c5e52cbfd3	945e6992de4480cf3bf791c5e52cbfd3	electric_bike	-121.8468875	37.323777666666665	0	0	1	2020-01-04T00:46:48Z
af65039b283e3eae1e2aaacdfc3e0072	af65039b283e3eae1e2aaacdfc3e0072	electric_bike	-121.85493333333334	37.340467333333336	0	0	1	2020-01-04T00:46:48Z
3773340d214eae852042ae9cdc8d35bc	3773340d214eae852042ae9cdc8d35bc	electric_bike	-121.85495733333333	37.339401333333335	0	0	1	2020-01-04T00:46:48Z
3320951618f40c2d3cda1a245f969a35	3320951618f40c2d3cda1a245f969a35	electric_bike	-121.8549705	37.33939616666667	0	0	1	2020-01-04T00:46:48Z
2a2d013005de071504203c55edc38bb0	2a2d013005de071504203c55edc38bb0	electric_bike	-121.86345016666667	37.35636383333333	0	0	1	2020-01-04T00:46:48Z
6823148c90a2d01b01191fdde2969d9e	6823148c90a2d01b01191fdde2969d9e	electric_bike	-121.86788716666666	37.365431	0	0	1	2020-01-04T00:46:48Z
a0dcb971fa9854490c4772aaa3d3547f	a0dcb971fa9854490c4772aaa3d3547f	electric_bike	-121.863675	37.35597583333333	0	0	1	2020-01-04T00:46:48Z
ece28904fde8abcd04cd5ebd8b4d4193	ece28904fde8abcd04cd5ebd8b4d4193	electric_bike	-121.86420216666667	37.356351	0	0	1	2020-01-04T00:46:48Z
194fc87d225b38baef1a0b9eb3b20d46	194fc87d225b38baef1a0b9eb3b20d46	electric_bike	-121.85426266666667	37.33358716666667	0	0	1	2020-01-04T00:46:48Z
1409e225241220f490becaba67c9bfd7	1409e225241220f490becaba67c9bfd7	electric_bike	-121.8542435	37.33318366666666	0	0	1	2020-01-04T00:46:48Z
2a4ebd5c04f846622765aed51ec605c6	2a4ebd5c04f846622765aed51ec605c6	electric_bike	-121.86173133333334	37.34881333333333	0	0	1	2020-01-04T00:46:48Z
42fbe721a679dd800108c11cd8368083	42fbe721a679dd800108c11cd8368083	electric_bike	-121.861015	37.34381233333333	0	0	1	2020-01-04T00:46:48Z
133267d1a7c1f022820af8af5a138d98	133267d1a7c1f022820af8af5a138d98	electric_bike	-121.86036216666666	37.3382665	0	0	1	2020-01-04T00:46:48Z
855aff5d464ec7c2777476c5ab567b98	855aff5d464ec7c2777476c5ab567b98	electric_bike	-121.86905683333333	37.35598316666667	0	0	1	2020-01-04T00:46:48Z
eded88f3ed1aa4ea6f8d6afbf600c2c6	eded88f3ed1aa4ea6f8d6afbf600c2c6	electric_bike	-121.86243516666667	37.34136483333333	0	0	1	2020-01-04T00:46:48Z
0e82f4d61317bef2e654afebafc3e9b8	0e82f4d61317bef2e654afebafc3e9b8	electric_bike	-121.84743583333334	37.3074945	0	0	1	2020-01-04T00:46:48Z
a431e1b33d6a9747cc37344320dd0360	a431e1b33d6a9747cc37344320dd0360	electric_bike	-121.86357266666667	37.33801533333333	0	0	1	2020-01-04T00:46:48Z
48135e3daf8926dfc29098d1d85af9ce	48135e3daf8926dfc29098d1d85af9ce	electric_bike	-121.8606075	37.33037916666667	0	0	1	2020-01-04T00:46:48Z
b1d1bed158d00a2c7a91a45ac08a27e9	b1d1bed158d00a2c7a91a45ac08a27e9	electric_bike	-121.8611185	37.33019316666667	0	0	1	2020-01-04T00:46:48Z
8798917c4b07ebfbf77baa3cd2f00fda	8798917c4b07ebfbf77baa3cd2f00fda	electric_bike	-121.86715166666667	37.34256883333333	0	0	1	2020-01-04T00:46:48Z
f3184e50e1fb893d4ce22d886b645bab	f3184e50e1fb893d4ce22d886b645bab	electric_bike	-121.86911866666667	37.34551033333333	0	0	1	2020-01-04T00:46:48Z
3944d5fd42bb5c433f0bff690e20e415	3944d5fd42bb5c433f0bff690e20e415	electric_bike	-121.86912783333334	37.3454745	0	0	1	2020-01-04T00:46:48Z
5985135df0b236e5b23bbe4292ba4c7e	5985135df0b236e5b23bbe4292ba4c7e	electric_bike	-121.85200183333333	37.309250666666664	0	0	1	2020-01-04T00:46:48Z
ba4d8ee50ac42134f712fe415167fa0d	ba4d8ee50ac42134f712fe415167fa0d	electric_bike	-121.87068416666666	37.34582483333333	0	0	1	2020-01-04T00:46:48Z
5701e9d5182946651f0024ead4c96cb5	5701e9d5182946651f0024ead4c96cb5	electric_bike	-121.86552516666667	37.33451433333333	0	0	1	2020-01-04T00:46:48Z
972e8c44bc0aa8c755ce819800372a78	972e8c44bc0aa8c755ce819800372a78	electric_bike	-121.866795	37.33450833333333	0	0	1	2020-01-04T00:46:48Z
eb038cfb7a1c83ff1ebe31fba9abf03d	eb038cfb7a1c83ff1ebe31fba9abf03d	electric_bike	-121.86680516666667	37.334473333333335	0	0	1	2020-01-04T00:46:48Z
45d657effff03b73e8b4a0ae17f6af53	45d657effff03b73e8b4a0ae17f6af53	electric_bike	-121.872654	37.34589533333333	0	0	1	2020-01-04T00:46:48Z
b51abf088b1040c5944d86ebe5788ad6	b51abf088b1040c5944d86ebe5788ad6	electric_bike	-121.8810895	37.3615835	0	0	1	2020-01-04T00:46:48Z
8e3dbd54acdea4ba055087810ae5d3b6	8e3dbd54acdea4ba055087810ae5d3b6	electric_bike	-121.87658533333334	37.35184016666667	0	0	1	2020-01-04T00:46:48Z
77a7fc3a49634aa66c8266c4b3122c74	77a7fc3a49634aa66c8266c4b3122c74	electric_bike	-121.87440316666667	37.342228166666665	0	0	1	2020-01-04T00:46:48Z
c678638cc2eff3348eeab1eaa76e50c2	c678638cc2eff3348eeab1eaa76e50c2	electric_bike	-121.867072	37.326674833333335	0	0	1	2020-01-04T00:46:48Z
a55e79880c98adeae437c9389ad7b74e	a55e79880c98adeae437c9389ad7b74e	electric_bike	-121.86962916666667	37.330166	0	0	1	2020-01-04T00:46:48Z
81ee3891848028477e03229025777d4f	81ee3891848028477e03229025777d4f	electric_bike	-121.87505366666667	37.34126716666667	0	0	1	2020-01-04T00:46:48Z
bc27137cec31f0b3cdd5af8ac6d7696a	bc27137cec31f0b3cdd5af8ac6d7696a	electric_bike	-121.876376	37.340893333333334	0	0	1	2020-01-04T00:46:48Z
9a91f2cd5b18fc4f4f236d59300968ee	9a91f2cd5b18fc4f4f236d59300968ee	electric_bike	-121.87318183333333	37.33412166666667	0	0	1	2020-01-04T00:46:48Z
68808a5b4febb27f03cf08a2eff1ea6f	68808a5b4febb27f03cf08a2eff1ea6f	electric_bike	-121.89693066666666	37.383338333333334	0	0	1	2020-01-04T00:46:48Z
0927f0faa62388713212761ff5c773e1	0927f0faa62388713212761ff5c773e1	electric_bike	-121.88553433333334	37.35904683333333	0	0	1	2020-01-04T00:46:48Z
3a891fa06e53e8b035a3625dac87f69a	3a891fa06e53e8b035a3625dac87f69a	electric_bike	-121.872517	37.330488833333334	0	0	1	2020-01-04T00:46:48Z
cd86f4f3817b7a74cf2477aee39964c5	cd86f4f3817b7a74cf2477aee39964c5	electric_bike	-121.8744635	37.33364316666667	0	0	1	2020-01-04T00:46:48Z
d707c4774d6fd2de2b83c1f333bcb8e6	d707c4774d6fd2de2b83c1f333bcb8e6	electric_bike	-121.88440933333334	37.353803	0	0	1	2020-01-04T00:46:48Z
5e0b1c1dba623948f3a601498863b19e	5e0b1c1dba623948f3a601498863b19e	electric_bike	-121.87463616666666	37.33310266666667	0	0	1	2020-01-04T00:46:48Z
674f74d661b76ef57fae2e82f30425c8	674f74d661b76ef57fae2e82f30425c8	electric_bike	-121.87859216666666	37.340921	0	0	1	2020-01-04T00:46:48Z
71346f5b247b180750bf9d7ed7357ed1	71346f5b247b180750bf9d7ed7357ed1	electric_bike	-121.87761883333333	37.338162	0	0	1	2020-01-04T00:46:48Z
7bc0c06be63c3b1df4f09b4c88b10145	7bc0c06be63c3b1df4f09b4c88b10145	electric_bike	-121.88278166666667	37.34877216666667	0	0	1	2020-01-04T00:46:48Z
16b734454dfb085d8d69ec2b9b290ee1	16b734454dfb085d8d69ec2b9b290ee1	electric_bike	-121.87367933333333	37.32906366666667	0	0	1	2020-01-04T00:46:48Z
3b94104dd0bc38bc94e00680c959e75f	3b94104dd0bc38bc94e00680c959e75f	electric_bike	-121.88136166666666	37.3445765	0	0	1	2020-01-04T00:46:48Z
1d25b5aaa3b6c8d956886fa0988d093b	1d25b5aaa3b6c8d956886fa0988d093b	electric_bike	-121.87734	37.334653333333335	0	0	1	2020-01-04T00:46:48Z
1e2543efef16faa0bd2ff9bbf04428df	1e2543efef16faa0bd2ff9bbf04428df	electric_bike	-121.87728333333334	37.3343775	0	0	1	2020-01-04T00:46:48Z
e5c6902f3ec63d027d0aecd8e6167577	e5c6902f3ec63d027d0aecd8e6167577	electric_bike	-121.87655183333334	37.332621333333336	0	0	1	2020-01-04T00:46:48Z
b974ab2e898ef8f8fc145484d4998103	b974ab2e898ef8f8fc145484d4998103	electric_bike	-121.88405083333333	37.34836283333333	0	0	1	2020-01-04T00:46:48Z
25a88d8dfec82f92c5349c93c2efe078	25a88d8dfec82f92c5349c93c2efe078	electric_bike	-121.8772925	37.333885333333335	0	0	1	2020-01-04T00:46:48Z
23fd384dedf0a17e7ac805dfb7907f8e	23fd384dedf0a17e7ac805dfb7907f8e	electric_bike	-121.87740066666667	37.3339965	0	0	1	2020-01-04T00:46:48Z
5e5de6fb262ac915ea70ea3607611eab	5e5de6fb262ac915ea70ea3607611eab	electric_bike	-121.8773995	37.33398583333334	0	0	1	2020-01-04T00:46:48Z
b37a846348052fa17362704a3cd90ffc	b37a846348052fa17362704a3cd90ffc	electric_bike	-121.87670966666667	37.332502166666664	0	0	1	2020-01-04T00:46:48Z
7be8e0f6e43dfd5a8c6750027bd7d2b4	7be8e0f6e43dfd5a8c6750027bd7d2b4	electric_bike	-121.87525883333333	37.329307	0	0	1	2020-01-04T00:46:48Z
80cb4ba8663ec2f8ef1bdddff4662b4a	80cb4ba8663ec2f8ef1bdddff4662b4a	electric_bike	-121.8774715	37.3339015	0	0	1	2020-01-04T00:46:48Z
bf20de020d8f379057bebecb1c141510	bf20de020d8f379057bebecb1c141510	electric_bike	-121.87751416666667	37.3339225	0	0	1	2020-01-04T00:46:48Z
42b80c8f27894b5b8b78d9c145a628a1	42b80c8f27894b5b8b78d9c145a628a1	electric_bike	-121.88973183333333	37.359269166666664	0	0	1	2020-01-04T00:46:48Z
38213fc7b83b1d7fd5d33fe54e64e27c	38213fc7b83b1d7fd5d33fe54e64e27c	electric_bike	-121.89110583333333	37.36180683333333	0	0	1	2020-01-04T00:46:48Z
7911a79744078e641b51599401803531	7911a79744078e641b51599401803531	electric_bike	-121.88098816666667	37.34041333333333	0	0	1	2020-01-04T00:46:48Z
1799ae84d51de0e1cb8970649416e67b	1799ae84d51de0e1cb8970649416e67b	electric_bike	-121.8784885	37.33460183333333	0	0	1	2020-01-04T00:46:48Z
84db8454ea7ea693f510d23a2d293e72	84db8454ea7ea693f510d23a2d293e72	electric_bike	-121.89141316666667	37.361251	0	0	1	2020-01-04T00:46:48Z
e54c7237cb6e73d5a7ef77030cce7fcb	e54c7237cb6e73d5a7ef77030cce7fcb	electric_bike	-121.87891616666667	37.33346366666667	0	0	1	2020-01-04T00:46:48Z
8684473b83d3430a8dacc36204ea5566	8684473b83d3430a8dacc36204ea5566	electric_bike	-121.88498433333334	37.345854	0	0	1	2020-01-04T00:46:48Z
26bcdd876ec3e1607e7c015ebeb6d803	26bcdd876ec3e1607e7c015ebeb6d803	electric_bike	-121.87582333333333	37.32599966666667	0	0	1	2020-01-04T00:46:48Z
5a97544e0ac3f4aa2c48223894e4892b	5a97544e0ac3f4aa2c48223894e4892b	electric_bike	-121.87796366666667	37.32998466666667	0	0	1	2020-01-04T00:46:48Z
4b087df9d6a552ff11b72fe32e0b3bc7	4b087df9d6a552ff11b72fe32e0b3bc7	electric_bike	-121.87800583333333	37.329997166666665	0	0	1	2020-01-04T00:46:48Z
42f959ff583e88a340f41c3fd2393d66	42f959ff583e88a340f41c3fd2393d66	electric_bike	-121.879693	37.3326575	0	0	1	2020-01-04T00:46:48Z
04c17d188c78768c5a358ad6ea2cd196	04c17d188c78768c5a358ad6ea2cd196	electric_bike	-121.88036733333334	37.3339185	0	0	1	2020-01-04T00:46:48Z
3035253d6bc28dc2d2eae2d2e332f95a	3035253d6bc28dc2d2eae2d2e332f95a	electric_bike	-121.88038133333333	37.333919	0	0	1	2020-01-04T00:46:48Z
593d81b601b99d2975ce8ac5b93a62cd	593d81b601b99d2975ce8ac5b93a62cd	electric_bike	-121.88006533333333	37.332930166666664	0	0	1	2020-01-04T00:46:48Z
31228c7e33a4ac06de6de38785fd6136	31228c7e33a4ac06de6de38785fd6136	electric_bike	-121.88255133333334	37.33737983333333	0	0	1	2020-01-04T00:46:48Z
7eb143324231e691ed24113eb0dc3a03	7eb143324231e691ed24113eb0dc3a03	electric_bike	-121.8786655	37.328841	0	0	1	2020-01-04T00:46:48Z
cfa7636601de82c13677d49b5de5b7c0	cfa7636601de82c13677d49b5de5b7c0	electric_bike	-121.879827	37.32958383333333	0	0	1	2020-01-04T00:46:48Z
802c5ddfb5dd752fe3d91e64d09e81b4	802c5ddfb5dd752fe3d91e64d09e81b4	electric_bike	-121.86646133333333	37.300585166666664	0	0	1	2020-01-04T00:46:48Z
1443b5c7a45e54abc0ae6677f02522da	1443b5c7a45e54abc0ae6677f02522da	electric_bike	-121.8844095	37.33844033333333	0	0	1	2020-01-04T00:46:48Z
cfe986c32804dc3bb46b301efee03add	cfe986c32804dc3bb46b301efee03add	electric_bike	-121.88529916666667	37.33871716666667	0	0	1	2020-01-04T00:46:48Z
1dbe2d011e717eea4f0cacc8e05b5509	1dbe2d011e717eea4f0cacc8e05b5509	electric_bike	-121.88999516666667	37.348569166666664	0	0	1	2020-01-04T00:46:48Z
3ee729dcf9c8c047143f5d4cf77b6e27	3ee729dcf9c8c047143f5d4cf77b6e27	electric_bike	-121.88530966666667	37.338627333333335	0	0	1	2020-01-04T00:46:48Z
0d569e104cdc78e24e44174ff6a5a90d	0d569e104cdc78e24e44174ff6a5a90d	electric_bike	-121.876828	37.3199395	0	0	1	2020-01-04T00:46:48Z
5efb6d822bd91f113d5b0deab471b54d	5efb6d822bd91f113d5b0deab471b54d	electric_bike	-121.89157016666667	37.3508775	0	0	1	2020-01-04T00:46:48Z
16341b2c30b3c59c4b0964a43d8fdae3	16341b2c30b3c59c4b0964a43d8fdae3	electric_bike	-121.89157966666667	37.35086116666667	0	0	1	2020-01-04T00:46:48Z
9e169bd6a21a1413f06aa784c800d44e	9e169bd6a21a1413f06aa784c800d44e	electric_bike	-121.8856685	37.33722916666667	0	0	1	2020-01-04T00:46:48Z
25c7c92af3a004b09ea4419af56136de	25c7c92af3a004b09ea4419af56136de	electric_bike	-121.8920085	37.349812166666666	0	0	1	2020-01-04T00:46:48Z
234a63a21bdda6564d2b143dcc57bad1	234a63a21bdda6564d2b143dcc57bad1	electric_bike	-121.88332633333333	37.33123483333333	0	0	1	2020-01-04T00:46:48Z
d6e72d98edb6858c14b9cf225d286928	d6e72d98edb6858c14b9cf225d286928	electric_bike	-121.89427683333334	37.35422633333334	0	0	1	2020-01-04T00:46:48Z
04ca0eb00953579f045812bf7d9d4dac	04ca0eb00953579f045812bf7d9d4dac	electric_bike	-121.88780516666667	37.339946833333336	0	0	1	2020-01-04T00:46:48Z
044685981cfbbdb8b2ba1bc6e6cc364d	044685981cfbbdb8b2ba1bc6e6cc364d	electric_bike	-121.893521	37.349656833333334	0	0	1	2020-01-04T00:46:48Z
ee1d05a6341b1eef8e78ce4b4391f5cd	ee1d05a6341b1eef8e78ce4b4391f5cd	electric_bike	-121.889346	37.3407685	0	0	1	2020-01-04T00:46:48Z
e6fbf4080c0d0b52645ea61dd34c15ee	e6fbf4080c0d0b52645ea61dd34c15ee	electric_bike	-121.87769616666667	37.315193	0	0	1	2020-01-04T00:46:48Z
bccb59fb29a5df3eed2ab6642645ad1a	bccb59fb29a5df3eed2ab6642645ad1a	electric_bike	-121.88280633333333	37.325904666666666	0	0	1	2020-01-04T00:46:48Z
978928384409606efecaf48d1e9609ed	978928384409606efecaf48d1e9609ed	electric_bike	-121.887221	37.3351765	0	0	1	2020-01-04T00:46:48Z
2cc835f79514828bfbc0ee7ebd4e8d52	2cc835f79514828bfbc0ee7ebd4e8d52	electric_bike	-121.88780533333333	37.336257333333336	0	0	1	2020-01-04T00:46:48Z
31f16cf4fc75a1e34eadb3ee04a5ab49	31f16cf4fc75a1e34eadb3ee04a5ab49	electric_bike	-121.8880135	37.336397	0	0	1	2020-01-04T00:46:48Z
5b425d4c58d4dcde778fcd0a12125faa	5b425d4c58d4dcde778fcd0a12125faa	electric_bike	-121.89375516666666	37.348026833333336	0	0	1	2020-01-04T00:46:48Z
817a8b598181c9b75e0ea935a6a174b5	817a8b598181c9b75e0ea935a6a174b5	electric_bike	-121.88886633333334	37.33770166666667	0	0	1	2020-01-04T00:46:48Z
9d36def450a15cf50ef8ee4162dc5234	9d36def450a15cf50ef8ee4162dc5234	electric_bike	-121.8958605	37.350774	0	0	1	2020-01-04T00:46:48Z
5d05c061f4defea35de70f7892231c35	5d05c061f4defea35de70f7892231c35	electric_bike	-121.89495166666667	37.348674	0	0	1	2020-01-04T00:46:48Z
626354a486ca69e3466887644a02086a	626354a486ca69e3466887644a02086a	electric_bike	-121.8898005	37.3370455	0	0	1	2020-01-04T00:46:48Z
19bde7166af3d347e4da23b4acfdede1	19bde7166af3d347e4da23b4acfdede1	electric_bike	-121.89171783333333	37.34065783333333	0	0	1	2020-01-04T00:46:48Z
6ad018c53bb318df705b81ca323477ee	6ad018c53bb318df705b81ca323477ee	electric_bike	-121.8872745	37.329858	0	0	1	2020-01-04T00:46:48Z
11a830331469dc97ff40d5fc2dda4de7	11a830331469dc97ff40d5fc2dda4de7	electric_bike	-121.890331	37.336279833333336	0	0	1	2020-01-04T00:46:48Z
be15901d2ef6157f1ea18fa488bf3e41	be15901d2ef6157f1ea18fa488bf3e41	electric_bike	-121.89004166666666	37.335424833333335	0	0	1	2020-01-04T00:46:48Z
ecfed8ef58055a2a7a516ece6c9f4911	ecfed8ef58055a2a7a516ece6c9f4911	electric_bike	-121.88249233333333	37.31941166666667	0	0	1	2020-01-04T00:46:48Z
adbaa1d88aca7e159057a3e2f5cc787a	adbaa1d88aca7e159057a3e2f5cc787a	electric_bike	-121.8901315	37.33550483333333	0	0	1	2020-01-04T00:46:48Z
a877b9831633ad9fe3fbc9bce06bf242	a877b9831633ad9fe3fbc9bce06bf242	electric_bike	-121.88800266666667	37.330978333333334	0	0	1	2020-01-04T00:46:48Z
912198d49275d30cd7de93fcda591325	912198d49275d30cd7de93fcda591325	electric_bike	-121.888022	37.33099433333334	0	0	1	2020-01-04T00:46:48Z
4fcabf7804134449f28bd90c1e0f08fd	4fcabf7804134449f28bd90c1e0f08fd	electric_bike	-121.88570883333334	37.325950166666665	0	0	1	2020-01-04T00:46:48Z
f72f1ed4995bd395cd8f3523685d5bd2	f72f1ed4995bd395cd8f3523685d5bd2	electric_bike	-121.89048516666666	37.335923	0	0	1	2020-01-04T00:46:48Z
c7379c72a8d63fe0017ba17aacfc07f3	c7379c72a8d63fe0017ba17aacfc07f3	electric_bike	-121.89052666666667	37.335942833333334	0	0	1	2020-01-04T00:46:48Z
a24e67582f7bfdc47d51b1c52b26b5b1	a24e67582f7bfdc47d51b1c52b26b5b1	electric_bike	-121.89058566666667	37.33597266666666	0	0	1	2020-01-04T00:46:48Z
f20cc6d505f07fb445c6e03835203329	f20cc6d505f07fb445c6e03835203329	electric_bike	-121.88854383333333	37.3316385	0	0	1	2020-01-04T00:46:48Z
a3c683ad9753a3563e73a81765817c12	a3c683ad9753a3563e73a81765817c12	electric_bike	-121.890725	37.336101	0	0	1	2020-01-04T00:46:48Z
700ed966d740bfe331c918ff4846365c	700ed966d740bfe331c918ff4846365c	electric_bike	-121.89352916666667	37.341849333333336	0	0	1	2020-01-04T00:46:48Z
386dc44342fbb9ec102b98889c4016cb	386dc44342fbb9ec102b98889c4016cb	electric_bike	-121.88597416666667	37.3257285	0	0	1	2020-01-04T00:46:48Z
07f414491810a8640f75d1e6d0e668b1	07f414491810a8640f75d1e6d0e668b1	electric_bike	-121.88603	37.32567733333333	0	0	1	2020-01-04T00:46:48Z
57d33e0f3e4348b2c6b6cc16db9dcca3	57d33e0f3e4348b2c6b6cc16db9dcca3	electric_bike	-121.8838715	37.32100783333333	0	0	1	2020-01-04T00:46:48Z
b36397c1d1cb71eede87f6d3bf74676a	b36397c1d1cb71eede87f6d3bf74676a	electric_bike	-121.89346683333333	37.34067966666667	0	0	1	2020-01-04T00:46:48Z
5f83dd980743803bbe7e81ffe1bbe36b	5f83dd980743803bbe7e81ffe1bbe36b	electric_bike	-121.89348966666667	37.340707333333334	0	0	1	2020-01-04T00:46:48Z
6624b1d557cfa562505bc693d988f54b	6624b1d557cfa562505bc693d988f54b	electric_bike	-121.895596	37.344749666666665	0	0	1	2020-01-04T00:46:48Z
be8227ebb123296caaa1930c98c3b261	be8227ebb123296caaa1930c98c3b261	electric_bike	-121.89367783333333	37.3406705	0	0	1	2020-01-04T00:46:48Z
92323ffd5364e64ab1e44f3657c883cd	92323ffd5364e64ab1e44f3657c883cd	electric_bike	-121.8863	37.32451966666667	0	0	1	2020-01-04T00:46:48Z
c86f599a3e012dbcf2241431c17725c5	c86f599a3e012dbcf2241431c17725c5	electric_bike	-121.88621833333333	37.324345	0	0	1	2020-01-04T00:46:48Z
32beeda8bdcb727d6e0b07723831126e	32beeda8bdcb727d6e0b07723831126e	electric_bike	-121.894341	37.341097	0	0	1	2020-01-04T00:46:48Z
519a2a45cd66a492d6918588fbffa368	519a2a45cd66a492d6918588fbffa368	electric_bike	-121.893693	37.33969733333333	0	0	1	2020-01-04T00:46:48Z
d4b9d51c754fde361c82b36caeb3567b	d4b9d51c754fde361c82b36caeb3567b	electric_bike	-121.89412666666666	37.3404715	0	0	1	2020-01-04T00:46:48Z
26318854ffd9ce98e7fbb25c3629a73c	26318854ffd9ce98e7fbb25c3629a73c	electric_bike	-121.89421516666667	37.34055216666667	0	0	1	2020-01-04T00:46:48Z
e7f496eb1cfbf19f1c8048f2d797692f	e7f496eb1cfbf19f1c8048f2d797692f	electric_bike	-121.8906225	37.33298216666667	0	0	1	2020-01-04T00:46:48Z
e5347e9af0d171d2e8b255b62ef31e09	e5347e9af0d171d2e8b255b62ef31e09	electric_bike	-121.89041216666666	37.332465666666664	0	0	1	2020-01-04T00:46:48Z
5a009810832efff59f0bd088f465f5ec	5a009810832efff59f0bd088f465f5ec	electric_bike	-121.89421733333333	37.340461	0	0	1	2020-01-04T00:46:48Z
54227fcf74581b5976c02586342a30ab	54227fcf74581b5976c02586342a30ab	electric_bike	-121.89423083333334	37.340477666666665	0	0	1	2020-01-04T00:46:48Z
9173c0f0c4e26c3711f736ecbf27a941	9173c0f0c4e26c3711f736ecbf27a941	electric_bike	-121.89426516666667	37.34049483333333	0	0	1	2020-01-04T00:46:48Z
463b6413d452d8b417ea6fabb976cab2	463b6413d452d8b417ea6fabb976cab2	electric_bike	-121.89430316666666	37.340471	0	0	1	2020-01-04T00:46:48Z
0c15d88d1a7a52001fb90bf7903176a8	0c15d88d1a7a52001fb90bf7903176a8	electric_bike	-121.89629616666667	37.34322916666667	0	0	1	2020-01-04T00:46:48Z
2c978236f2991e65a5185c089c71aab1	2c978236f2991e65a5185c089c71aab1	electric_bike	-121.9100415	37.372044833333334	0	0	1	2020-01-04T00:46:48Z
cbf0e35619d754f3bd033b8c012ac1cd	cbf0e35619d754f3bd033b8c012ac1cd	electric_bike	-121.91063366666667	37.3731225	0	0	1	2020-01-04T00:46:48Z
84a2dd2774af735c35bf14253ba596cc	84a2dd2774af735c35bf14253ba596cc	electric_bike	-121.9109585	37.37321083333333	0	0	1	2020-01-04T00:46:48Z
f32e3275501be0e5d1a3f5b51fd8dcff	f32e3275501be0e5d1a3f5b51fd8dcff	electric_bike	-121.92805983333334	37.40863366666667	0	0	1	2020-01-04T00:46:48Z
90849e3279dbdab39268863b6776eb05	90849e3279dbdab39268863b6776eb05	electric_bike	-121.9127115	37.37618366666667	0	0	1	2020-01-04T00:46:48Z
c992da4534196b88f57142427659f774	c992da4534196b88f57142427659f774	electric_bike	-121.89954066666667	37.34845933333333	0	0	1	2020-01-04T00:46:48Z
982a154f072c6de42318b39096006327	982a154f072c6de42318b39096006327	electric_bike	-121.89225966666666	37.33280383333334	0	0	1	2020-01-04T00:46:48Z
f4951ab3bbaad502f8a3d9dedd71c246	f4951ab3bbaad502f8a3d9dedd71c246	electric_bike	-121.89424	37.336785	0	0	1	2020-01-04T00:46:48Z
7c995ca55635fdb4200d168061ec9343	7c995ca55635fdb4200d168061ec9343	electric_bike	-121.8923035	37.332705	0	0	1	2020-01-04T00:46:48Z
58df164274912dcb073eaf5a7f1da7b5	58df164274912dcb073eaf5a7f1da7b5	electric_bike	-121.89462766666666	37.336809	0	0	1	2020-01-04T00:46:48Z
8f5d5f2d57e3826a79122938162a05e4	8f5d5f2d57e3826a79122938162a05e4	electric_bike	-121.8909925	37.3291465	0	0	1	2020-01-04T00:46:48Z
b0179bb92314360a3ae6a9b997405dcd	b0179bb92314360a3ae6a9b997405dcd	electric_bike	-121.89093616666666	37.3290225	0	0	1	2020-01-04T00:46:48Z
31f804e35f40c328f119ca55a1f5bd2e	31f804e35f40c328f119ca55a1f5bd2e	electric_bike	-121.90192616666667	37.35170516666667	0	0	1	2020-01-04T00:46:48Z
5866ea32be3bb4125da213b6ca3ce734	5866ea32be3bb4125da213b6ca3ce734	electric_bike	-121.89416333333334	37.33461916666667	0	0	1	2020-01-04T00:46:48Z
1576c5c231e8b4b0a0804769f15ff027	1576c5c231e8b4b0a0804769f15ff027	electric_bike	-121.89148766666666	37.32896383333333	0	0	1	2020-01-04T00:46:48Z
fdc7bafc79c121dcc790cc1d1bf25448	fdc7bafc79c121dcc790cc1d1bf25448	electric_bike	-121.90661733333333	37.360809833333334	0	0	1	2020-01-04T00:46:48Z
b11ee2edd731182483d27b01da768f04	b11ee2edd731182483d27b01da768f04	electric_bike	-121.90507683333334	37.35747466666667	0	0	1	2020-01-04T00:46:48Z
0c06fb38207a52e5eb4f6d8d181e8416	0c06fb38207a52e5eb4f6d8d181e8416	electric_bike	-121.90239866666667	37.351685	0	0	1	2020-01-04T00:46:48Z
993710b4f0c5837fd71864708dd3bf71	993710b4f0c5837fd71864708dd3bf71	electric_bike	-121.89505116666666	37.336154666666665	0	0	1	2020-01-04T00:46:48Z
f5affda55a33162940d620fbc7efd079	f5affda55a33162940d620fbc7efd079	electric_bike	-121.88832466666666	37.321582166666666	0	0	1	2020-01-04T00:46:48Z
e72bc93c51541c2eccfd2d39922997fe	e72bc93c51541c2eccfd2d39922997fe	electric_bike	-121.90244766666666	37.35106066666667	0	0	1	2020-01-04T00:46:48Z
50508fe3c9c524562ea75ad25d51f2c7	50508fe3c9c524562ea75ad25d51f2c7	electric_bike	-121.88876683333334	37.322135333333335	0	0	1	2020-01-04T00:46:48Z
3cf8590aad6440e3655e7b9e8325e82a	3cf8590aad6440e3655e7b9e8325e82a	electric_bike	-121.926279	37.4002645	0	0	1	2020-01-04T00:46:48Z
15385fdee3424ed7038fa7ba83680812	15385fdee3424ed7038fa7ba83680812	electric_bike	-121.92649333333334	37.4005545	0	0	1	2020-01-04T00:46:48Z
bc09d630b4e499133b6da8da4aa653df	bc09d630b4e499133b6da8da4aa653df	electric_bike	-121.88441133333333	37.31079666666667	0	0	1	2020-01-04T00:46:48Z
41553006a38afb9948a678240c1318ab	41553006a38afb9948a678240c1318ab	electric_bike	-121.90149866666667	37.34664333333333	0	0	1	2020-01-04T00:46:48Z
5c693eedd3edeffd3e00daaf750ea11b	5c693eedd3edeffd3e00daaf750ea11b	electric_bike	-121.90317683333333	37.35000516666667	0	0	1	2020-01-04T00:46:48Z
7a3292004266d9dd7e3e3c24cd9aaf76	7a3292004266d9dd7e3e3c24cd9aaf76	electric_bike	-121.90319683333334	37.350005	0	0	1	2020-01-04T00:46:48Z
983f36cd891055492960756d8917377c	983f36cd891055492960756d8917377c	electric_bike	-121.89611716666667	37.334882	0	0	1	2020-01-04T00:46:48Z
0ca27453b0cd6a9f5ec11e0051ac6a3a	0ca27453b0cd6a9f5ec11e0051ac6a3a	electric_bike	-121.903301	37.349953666666664	0	0	1	2020-01-04T00:46:48Z
d8ff7e47bf1335b6651e65d20226d988	d8ff7e47bf1335b6651e65d20226d988	electric_bike	-121.90334183333333	37.34995966666666	0	0	1	2020-01-04T00:46:48Z
470bce3316beeece2f567c3d9c2eb856	470bce3316beeece2f567c3d9c2eb856	electric_bike	-121.90340666666667	37.349873833333334	0	0	1	2020-01-04T00:46:48Z
718197f3735bdce8bf1e7b545cdb5e94	718197f3735bdce8bf1e7b545cdb5e94	electric_bike	-121.9026275	37.347843	0	0	1	2020-01-04T00:46:48Z
b155cc5c6e408d1ccbf6b402c753177b	b155cc5c6e408d1ccbf6b402c753177b	electric_bike	-121.89601716666667	37.3335415	0	0	1	2020-01-04T00:46:48Z
a1e7201a134cc573e4df1f2d1195a709	a1e7201a134cc573e4df1f2d1195a709	electric_bike	-121.909644	37.36198383333333	0	0	1	2020-01-04T00:46:48Z
751f0bcbdf5d25f726fdc181831b3f24	751f0bcbdf5d25f726fdc181831b3f24	electric_bike	-121.909675	37.361455	0	0	1	2020-01-04T00:46:48Z
90d11a56863ff8fc46bc8650db46d3b3	90d11a56863ff8fc46bc8650db46d3b3	electric_bike	-121.89637783333333	37.33334833333333	0	0	1	2020-01-04T00:46:48Z
be449d575a6864237c5e3c715a59edce	be449d575a6864237c5e3c715a59edce	electric_bike	-121.8947175	37.329399	0	0	1	2020-01-04T00:46:48Z
c99b1ab76d5176e9c6d0bd9b85cdfe02	c99b1ab76d5176e9c6d0bd9b85cdfe02	electric_bike	-121.89490516666666	37.32940466666667	0	0	1	2020-01-04T00:46:48Z
6d9138ce4a7f6188cb2b243a735de24b	6d9138ce4a7f6188cb2b243a735de24b	electric_bike	-121.91181633333333	37.36404683333333	0	0	1	2020-01-04T00:46:48Z
4fb7da40f78d2693117d615b5fe5520f	4fb7da40f78d2693117d615b5fe5520f	electric_bike	-121.9126985	37.3636525	0	0	1	2020-01-04T00:46:48Z
cf2832d35c87d1fa944a921ffa4ee0f2	cf2832d35c87d1fa944a921ffa4ee0f2	electric_bike	-121.896372	37.329074166666665	0	0	1	2020-01-04T00:46:48Z
c357bc8e704f7800d2b1f98cd82f6aea	c357bc8e704f7800d2b1f98cd82f6aea	electric_bike	-121.91496766666667	37.368194333333335	0	0	1	2020-01-04T00:46:48Z
347725d8f52761a543a9f7bddfa23238	347725d8f52761a543a9f7bddfa23238	electric_bike	-121.8877265	37.310544166666666	0	0	1	2020-01-04T00:46:48Z
e5b095a41b5cf99daa20dad78c56fa09	e5b095a41b5cf99daa20dad78c56fa09	electric_bike	-121.890754	37.316811666666666	0	0	1	2020-01-04T00:46:48Z
4507464bad860530b6c541cdf50c9d1b	4507464bad860530b6c541cdf50c9d1b	electric_bike	-121.90066266666666	37.337539	0	0	1	2020-01-04T00:46:48Z
7b9656211c28553701a6c90f7382e3ac	7b9656211c28553701a6c90f7382e3ac	electric_bike	-121.90035633333333	37.336664999999996	0	0	1	2020-01-04T00:46:48Z
aec4ec2229768c64c223d53b0ef447b5	aec4ec2229768c64c223d53b0ef447b5	electric_bike	-121.9074675	37.35120666666667	0	0	1	2020-01-04T00:46:48Z
c6610df86e08faa88e78a79367b80c7d	c6610df86e08faa88e78a79367b80c7d	electric_bike	-121.893042	37.3197605	0	0	1	2020-01-04T00:46:48Z
7dc6292ddd6da3924afc1200e14ca30b	7dc6292ddd6da3924afc1200e14ca30b	electric_bike	-121.89973616666667	37.3334345	0	0	1	2020-01-04T00:46:48Z
341e15b000da84b80898fe30ecaef563	341e15b000da84b80898fe30ecaef563	electric_bike	-121.90349516666667	37.34117416666667	0	0	1	2020-01-04T00:46:48Z
63629b16fd39478155689ef64c144a3e	63629b16fd39478155689ef64c144a3e	electric_bike	-121.9035005	37.341175	0	0	1	2020-01-04T00:46:48Z
bb117f2f8803e43e24a5a6d00f6da5ab	bb117f2f8803e43e24a5a6d00f6da5ab	electric_bike	-121.92391983333333	37.383819833333334	0	0	1	2020-01-04T00:46:48Z
5c0a4585615982bd69209d97bb68b7c9	5c0a4585615982bd69209d97bb68b7c9	electric_bike	-121.9002345	37.33295233333333	0	0	1	2020-01-04T00:46:48Z
ea268e4eca08763aaf9b332eae824ad6	ea268e4eca08763aaf9b332eae824ad6	electric_bike	-121.92150716666667	37.377158333333334	0	0	1	2020-01-04T00:46:48Z
ce4e081e074ef25fa6633f342414b1dc	ce4e081e074ef25fa6633f342414b1dc	electric_bike	-121.921535	37.377192666666666	0	0	1	2020-01-04T00:46:48Z
a8514569ebc176b194b796c9c2efc2b6	a8514569ebc176b194b796c9c2efc2b6	electric_bike	-121.89778633333333	37.327160166666665	0	0	1	2020-01-04T00:46:48Z
bc6e73e6daa3967de4e7933b3128f9ab	bc6e73e6daa3967de4e7933b3128f9ab	electric_bike	-121.9040095	37.340152333333336	0	0	1	2020-01-04T00:46:48Z
08c2cde4f039c383a03dcd182fac1681	08c2cde4f039c383a03dcd182fac1681	electric_bike	-121.91899966666666	37.37151566666667	0	0	1	2020-01-04T00:46:48Z
bb1d8f3b435b281299cc465ea6a7586a	bb1d8f3b435b281299cc465ea6a7586a	electric_bike	-121.91922883333334	37.371843	0	0	1	2020-01-04T00:46:48Z
5b2521bffa1a2f9c1d8d88f5742e20f1	5b2521bffa1a2f9c1d8d88f5742e20f1	electric_bike	-121.924429	37.38242983333333	0	0	1	2020-01-04T00:46:48Z
ae87740a6659e8ae45b14f55dda642b4	ae87740a6659e8ae45b14f55dda642b4	electric_bike	-121.91637133333333	37.36538766666666	0	0	1	2020-01-04T00:46:48Z
86ca4844a69f4ccec1fcd2f3cf69d1fd	86ca4844a69f4ccec1fcd2f3cf69d1fd	electric_bike	-121.900829	37.3319295	0	0	1	2020-01-04T00:46:48Z
a3cff9d4c5027b451b4945507a0da765	a3cff9d4c5027b451b4945507a0da765	electric_bike	-121.924277	37.381030833333334	0	0	1	2020-01-04T00:46:48Z
de98406c32eb56c9f3456c8d01c22602	de98406c32eb56c9f3456c8d01c22602	electric_bike	-121.90397083333333	37.33811016666667	0	0	1	2020-01-04T00:46:48Z
55287e5c1c54c0bf9f05e2ea02418e8b	55287e5c1c54c0bf9f05e2ea02418e8b	electric_bike	-121.90462316666667	37.339190333333335	0	0	1	2020-01-04T00:46:48Z
8afcff03d96f6a2689d1a2ec30e9a1e1	8afcff03d96f6a2689d1a2ec30e9a1e1	electric_bike	-121.904745	37.339147833333335	0	0	1	2020-01-04T00:46:48Z
617451eb47f2f67ac6ec064b3c820336	617451eb47f2f67ac6ec064b3c820336	electric_bike	-121.90363083333334	37.335520333333335	0	0	1	2020-01-04T00:46:48Z
dc56e2c5af01f7486999ec42b0162b9a	dc56e2c5af01f7486999ec42b0162b9a	electric_bike	-121.90752866666666	37.34304233333334	0	0	1	2020-01-04T00:46:48Z
cc7c798ca6e8429065ef4015f5b86f19	cc7c798ca6e8429065ef4015f5b86f19	electric_bike	-121.90752983333333	37.34301283333333	0	0	1	2020-01-04T00:46:48Z
1e6744c52cdfeb6f65baa434fa948e42	1e6744c52cdfeb6f65baa434fa948e42	electric_bike	-121.90449316666667	37.336463	0	0	1	2020-01-04T00:46:48Z
caeb7b645f0eac46ffe34a7a7f1c89de	caeb7b645f0eac46ffe34a7a7f1c89de	electric_bike	-121.90518233333333	37.33751683333333	0	0	1	2020-01-04T00:46:48Z
04cbf2034d15304d5fdbc61c73621a2b	04cbf2034d15304d5fdbc61c73621a2b	electric_bike	-121.90567283333333	37.337385	0	0	1	2020-01-04T00:46:48Z
1689a2808351310d360adb219295a94e	1689a2808351310d360adb219295a94e	electric_bike	-121.9022775	37.3302065	0	0	1	2020-01-04T00:46:48Z
02cea8005dc0e553cee05bc2675ec5b1	02cea8005dc0e553cee05bc2675ec5b1	electric_bike	-121.90575766666667	37.33741083333334	0	0	1	2020-01-04T00:46:48Z
c9db95e384fe342f8b0d784a04650745	c9db95e384fe342f8b0d784a04650745	electric_bike	-121.94303433333333	37.41462933333333	0	0	1	2020-01-04T00:46:48Z
cae99032ef820a0a8a07fc2adb048349	cae99032ef820a0a8a07fc2adb048349	electric_bike	-121.9431185	37.414515333333334	0	0	1	2020-01-04T00:46:48Z
0f88c13775e8a880c6f73413a127dff2	0f88c13775e8a880c6f73413a127dff2	electric_bike	-121.94337516666667	37.414601833333336	0	0	1	2020-01-04T00:46:48Z
3bfcb61c2ee5bc27ce57091dff4786db	3bfcb61c2ee5bc27ce57091dff4786db	electric_bike	-121.90422283333334	37.332005833333334	0	0	1	2020-01-04T00:46:48Z
ebca152d566f0b35ea10436ff0a32ab6	ebca152d566f0b35ea10436ff0a32ab6	electric_bike	-121.900299	37.323330166666665	0	0	1	2020-01-04T00:46:48Z
fac351e51928536ff24f9f31aefc335e	fac351e51928536ff24f9f31aefc335e	electric_bike	-121.8936445	37.3088375	0	0	1	2020-01-04T00:46:48Z
3dacf923283374a8efcba7d0163c24bd	3dacf923283374a8efcba7d0163c24bd	electric_bike	-121.90368233333334	37.32894366666667	0	0	1	2020-01-04T00:46:48Z
d8ee7e8327b392c18b34b7a3609b50cc	d8ee7e8327b392c18b34b7a3609b50cc	electric_bike	-121.90371916666666	37.329013	0	0	1	2020-01-04T00:46:48Z
e686b79f34b1d1d1a4df6f90467881d4	e686b79f34b1d1d1a4df6f90467881d4	electric_bike	-121.90371716666667	37.32899333333334	0	0	1	2020-01-04T00:46:48Z
14399f7f3cc04d4fdfdd258cc5481346	14399f7f3cc04d4fdfdd258cc5481346	electric_bike	-121.94056333333333	37.40614866666667	0	0	1	2020-01-04T00:46:48Z
40550664a846c9be11b766cccea65ca3	40550664a846c9be11b766cccea65ca3	electric_bike	-121.94055933333334	37.406130166666664	0	0	1	2020-01-04T00:46:48Z
7a674d7e8f663c3a589e0f99d3d11250	7a674d7e8f663c3a589e0f99d3d11250	electric_bike	-121.9406945	37.406063	0	0	1	2020-01-04T00:46:48Z
7207ffae68fb1c4b0862ccd0aff54f01	7207ffae68fb1c4b0862ccd0aff54f01	electric_bike	-121.94068833333333	37.406043833333335	0	0	1	2020-01-04T00:46:48Z
74e581f67ad2704cddc6f18fb21c3351	74e581f67ad2704cddc6f18fb21c3351	electric_bike	-121.9407145	37.40605033333333	0	0	1	2020-01-04T00:46:48Z
2a7f1839158a942f12212af1fadbdac8	2a7f1839158a942f12212af1fadbdac8	electric_bike	-121.9409385	37.406358833333336	0	0	1	2020-01-04T00:46:48Z
bee0c7c0c5f675fc890b2d77c6bf41fe	bee0c7c0c5f675fc890b2d77c6bf41fe	electric_bike	-121.94095733333333	37.4063555	0	0	1	2020-01-04T00:46:48Z
3f1fabee2b75987d752c18642f17f4d2	3f1fabee2b75987d752c18642f17f4d2	electric_bike	-121.94097416666666	37.40635266666666	0	0	1	2020-01-04T00:46:48Z
b282221a4d4acf061a0d3600fa4e97b4	b282221a4d4acf061a0d3600fa4e97b4	electric_bike	-121.94096616666667	37.4063085	0	0	1	2020-01-04T00:46:48Z
a1105742e3a1cfec959166dc0e4f8623	a1105742e3a1cfec959166dc0e4f8623	electric_bike	-121.90396033333333	37.327237	0	0	1	2020-01-04T00:46:48Z
63ef60b6369b0895ae7856ecc14237cc	63ef60b6369b0895ae7856ecc14237cc	electric_bike	-121.903942	37.32718233333333	0	0	1	2020-01-04T00:46:48Z
1c2f0f1ee55073b840e20612db6cdff7	1c2f0f1ee55073b840e20612db6cdff7	electric_bike	-121.93726383333333	37.397237833333335	0	0	1	2020-01-04T00:46:48Z
215fa67c98ec17e8a08bedecadaa0ff0	215fa67c98ec17e8a08bedecadaa0ff0	electric_bike	-121.90829233333334	37.33584716666667	0	0	1	2020-01-04T00:46:48Z
e2e12bdb4023de706a6f7bf141e15dab	e2e12bdb4023de706a6f7bf141e15dab	electric_bike	-121.90419566666667	37.327219166666666	0	0	1	2020-01-04T00:46:48Z
a92af4a830fcb933918e95de8f0a1632	a92af4a830fcb933918e95de8f0a1632	electric_bike	-121.9363365	37.3937855	0	0	1	2020-01-04T00:46:48Z
be00f81c18255654557b811dd73b7cb6	be00f81c18255654557b811dd73b7cb6	electric_bike	-121.943718	37.40859833333333	0	0	1	2020-01-04T00:46:48Z
c6c8189f828eef2d4e951e8c08911133	c6c8189f828eef2d4e951e8c08911133	electric_bike	-121.90298933333334	37.32261833333333	0	0	1	2020-01-04T00:46:48Z
7575badb3283202c8ef7df6380b2e451	7575badb3283202c8ef7df6380b2e451	electric_bike	-121.90893583333333	37.3347965	0	0	1	2020-01-04T00:46:48Z
0b4ff564e24280f1f7969239849b5630	0b4ff564e24280f1f7969239849b5630	electric_bike	-121.90452916666666	37.32550366666667	0	0	1	2020-01-04T00:46:48Z
92f48aae7bcf9bb61e43e637c8fc77a3	92f48aae7bcf9bb61e43e637c8fc77a3	electric_bike	-121.9105805	37.3381835	0	0	1	2020-01-04T00:46:48Z
acb47da93ef0cf4c588ee142361838d3	acb47da93ef0cf4c588ee142361838d3	electric_bike	-121.91062166666667	37.3381485	0	0	1	2020-01-04T00:46:48Z
c408610f811db3ae6effe5bcc1b8360e	c408610f811db3ae6effe5bcc1b8360e	electric_bike	-121.90424633333333	37.32423716666667	0	0	1	2020-01-04T00:46:48Z
580d32725a5a3ccf828300778fbc1388	580d32725a5a3ccf828300778fbc1388	electric_bike	-121.91315983333334	37.34258666666667	0	0	1	2020-01-04T00:46:48Z
7298724630616acf61bfbe5be393069b	7298724630616acf61bfbe5be393069b	electric_bike	-121.91192416666667	37.33951533333333	0	0	1	2020-01-04T00:46:48Z
786a878911a5096a5bf15dfea3552446	786a878911a5096a5bf15dfea3552446	electric_bike	-121.91587666666666	37.3464095	0	0	1	2020-01-04T00:46:48Z
ac5f3eb015db17724dfba5ab5273b28c	ac5f3eb015db17724dfba5ab5273b28c	electric_bike	-121.94195116666667	37.401164	0	0	1	2020-01-04T00:46:48Z
2954e8ccf3b03ec3f67c4ac88c12e64f	2954e8ccf3b03ec3f67c4ac88c12e64f	electric_bike	-121.904719	37.32261666666667	0	0	1	2020-01-04T00:46:48Z
a74f0b13888f3e0255af33dad70219ad	a74f0b13888f3e0255af33dad70219ad	electric_bike	-121.91017183333334	37.33394533333333	0	0	1	2020-01-04T00:46:48Z
f3e978537cabe465fde91ad4069b23a0	f3e978537cabe465fde91ad4069b23a0	electric_bike	-121.9137215	37.340607166666665	0	0	1	2020-01-04T00:46:48Z
54e2364c98628a235e109699ab6d1fe0	54e2364c98628a235e109699ab6d1fe0	electric_bike	-121.94338233333333	37.402748	0	0	1	2020-01-04T00:46:48Z
5051807d5905a507484b66f9666422a2	5051807d5905a507484b66f9666422a2	electric_bike	-121.94735433333334	37.410894	0	0	1	2020-01-04T00:46:48Z
c737df6fe8c944794bf5a3583f1285e2	c737df6fe8c944794bf5a3583f1285e2	electric_bike	-121.91619416666667	37.345386	0	0	1	2020-01-04T00:46:48Z
6001a0831e5cbda11acc40dbabb62a67	6001a0831e5cbda11acc40dbabb62a67	electric_bike	-121.94047766666667	37.395944166666666	0	0	1	2020-01-04T00:46:48Z
027aa615ec5e73b776281d9d94167733	027aa615ec5e73b776281d9d94167733	electric_bike	-121.89694783333333	37.303949833333334	0	0	1	2020-01-04T00:46:48Z
7ce63b0feb815ade525faaece2da6ac8	7ce63b0feb815ade525faaece2da6ac8	electric_bike	-121.89699566666667	37.30395016666667	0	0	1	2020-01-04T00:46:48Z
adbe55011dbdc319c439608aa1853951	adbe55011dbdc319c439608aa1853951	electric_bike	-121.907781	37.326282166666665	0	0	1	2020-01-04T00:46:48Z
bf2fceb791677d4d7857a5795a885518	bf2fceb791677d4d7857a5795a885518	electric_bike	-121.910813	37.332579	0	0	1	2020-01-04T00:46:48Z
9fbcdf79980e3a8a7f349d4b87952450	9fbcdf79980e3a8a7f349d4b87952450	electric_bike	-121.9125355	37.336048	0	0	1	2020-01-04T00:46:48Z
efdcc05ab74057d049031d8e56ba577d	efdcc05ab74057d049031d8e56ba577d	electric_bike	-121.91851733333333	37.34745183333333	0	0	1	2020-01-04T00:46:48Z
a29a73fd2860ec6230929c4e7d4157f2	a29a73fd2860ec6230929c4e7d4157f2	electric_bike	-121.90041266666667	37.308675	0	0	1	2020-01-04T00:46:48Z
a93af9e44e2044bc59ece930f215ae6d	a93af9e44e2044bc59ece930f215ae6d	electric_bike	-121.908064	37.32457616666667	0	0	1	2020-01-04T00:46:48Z
1d1f6acfe283c2429fc981c4dc79ec1f	1d1f6acfe283c2429fc981c4dc79ec1f	electric_bike	-121.91249766666667	37.333170333333335	0	0	1	2020-01-04T00:46:48Z
d44f2048d6402c52b94f0020fc37a3a4	d44f2048d6402c52b94f0020fc37a3a4	electric_bike	-121.912998	37.333929833333336	0	0	1	2020-01-04T00:46:48Z
5bce487c0bf0df48b8f6b13b109b704f	5bce487c0bf0df48b8f6b13b109b704f	electric_bike	-121.90867666666666	37.324564333333335	0	0	1	2020-01-04T00:46:48Z
ecbbe1a53085b22acc713f59721dd197	ecbbe1a53085b22acc713f59721dd197	electric_bike	-121.91329916666666	37.33394283333333	0	0	1	2020-01-04T00:46:48Z
37bfa2daca743645176f3abd43bea556	37bfa2daca743645176f3abd43bea556	electric_bike	-121.9131555	37.333143666666665	0	0	1	2020-01-04T00:46:48Z
5bf0e1cde851a5a93f880852619c4366	5bf0e1cde851a5a93f880852619c4366	electric_bike	-121.90918433333333	37.323698	0	0	1	2020-01-04T00:46:48Z
7e495d5eff2bf6c0e33e173cb03f8a9e	7e495d5eff2bf6c0e33e173cb03f8a9e	electric_bike	-121.91383316666666	37.333225166666665	0	0	1	2020-01-04T00:46:48Z
e1830b2048d4779ed587cc8499e6c41a	e1830b2048d4779ed587cc8499e6c41a	electric_bike	-121.91452883333334	37.333497333333334	0	0	1	2020-01-04T00:46:48Z
0470dea3491a86e419c2f19a653aea9a	0470dea3491a86e419c2f19a653aea9a	electric_bike	-121.91117366666667	37.32623233333333	0	0	1	2020-01-04T00:46:48Z
e5d34515ca71eb11c450cd13e1f0156d	e5d34515ca71eb11c450cd13e1f0156d	electric_bike	-121.91465166666667	37.333428	0	0	1	2020-01-04T00:46:48Z
c360939e8c87e94e26d1aaf0438ee925	c360939e8c87e94e26d1aaf0438ee925	electric_bike	-121.948459	37.40390283333333	0	0	1	2020-01-04T00:46:48Z
f43061772d5f70ac54ae2d0ff0e42c55	f43061772d5f70ac54ae2d0ff0e42c55	electric_bike	-121.94850316666667	37.403876	0	0	1	2020-01-04T00:46:48Z
434bd7f2255a55a30f60e52774f14511	434bd7f2255a55a30f60e52774f14511	electric_bike	-121.913882	37.330412333333335	0	0	1	2020-01-04T00:46:48Z
bfaa691e7dc78ca9285239ee123afb3a	bfaa691e7dc78ca9285239ee123afb3a	electric_bike	-121.910522	37.322911	0	0	1	2020-01-04T00:46:48Z
fa1d4cc6383ca1d1ad92e228c515f850	fa1d4cc6383ca1d1ad92e228c515f850	electric_bike	-121.95639583333333	37.41693333333333	0	0	1	2020-01-04T00:46:48Z
123ab70732232faf39277291757a2b02	123ab70732232faf39277291757a2b02	electric_bike	-121.95311	37.40991416666667	0	0	1	2020-01-04T00:46:48Z
f0181bf130cb99b8a3e8ea08254d0905	f0181bf130cb99b8a3e8ea08254d0905	electric_bike	-121.91924683333333	37.338246166666664	0	0	1	2020-01-04T00:46:48Z
d27783682c9c69eee7a50888b37024eb	d27783682c9c69eee7a50888b37024eb	electric_bike	-121.9193135	37.338231666666665	0	0	1	2020-01-04T00:46:48Z
ddeb92946533e3578afa79b875de95d7	ddeb92946533e3578afa79b875de95d7	electric_bike	-121.91935533333333	37.338165833333335	0	0	1	2020-01-04T00:46:48Z
83123132106c977d71bdcb2f37ecd180	83123132106c977d71bdcb2f37ecd180	electric_bike	-121.9109935	37.319040333333334	0	0	1	2020-01-04T00:46:48Z
47c756abe999a4156066661cffdaf80e	47c756abe999a4156066661cffdaf80e	electric_bike	-121.91051616666667	37.3173745	0	0	1	2020-01-04T00:46:48Z
1caadb2fec6a506fe5df2474ac209d3d	1caadb2fec6a506fe5df2474ac209d3d	electric_bike	-121.92051733333334	37.33814533333334	0	0	1	2020-01-04T00:46:48Z
3088795912d8f316c69c9174af2051f3	3088795912d8f316c69c9174af2051f3	electric_bike	-121.920867	37.33867683333333	0	0	1	2020-01-04T00:46:48Z
ce70d222e8febebc8803f211fe2fe9e9	ce70d222e8febebc8803f211fe2fe9e9	electric_bike	-121.90573966666666	37.306466666666665	0	0	1	2020-01-04T00:46:48Z
06b32dc6229c1d20b3e86385d95e8a32	06b32dc6229c1d20b3e86385d95e8a32	electric_bike	-121.92033783333333	37.336989	0	0	1	2020-01-04T00:46:48Z
3c44b98c254776db398e51956f9a4fb0	3c44b98c254776db398e51956f9a4fb0	electric_bike	-121.92201116666666	37.340112166666664	0	0	1	2020-01-04T00:46:48Z
cdd69ccd4988b4cb49ca22e72ed57006	cdd69ccd4988b4cb49ca22e72ed57006	electric_bike	-121.92202983333334	37.340133	0	0	1	2020-01-04T00:46:48Z
7c7133a8b0915bd2ebc28e798b1072c3	7c7133a8b0915bd2ebc28e798b1072c3	electric_bike	-121.91403566666666	37.32273433333334	0	0	1	2020-01-04T00:46:48Z
3617099b05243a0a80b686df3304abba	3617099b05243a0a80b686df3304abba	electric_bike	-121.913896	37.3221715	0	0	1	2020-01-04T00:46:48Z
8c769bb36a128160d9e8db2bf93635d1	8c769bb36a128160d9e8db2bf93635d1	electric_bike	-121.92278133333333	37.340752333333334	0	0	1	2020-01-04T00:46:48Z
0e939a8c2a5051c1b85710b7300d2e7d	0e939a8c2a5051c1b85710b7300d2e7d	electric_bike	-121.91923883333334	37.3324155	0	0	1	2020-01-04T00:46:48Z
c805dd6b849079947ce7b3de3051fdf0	c805dd6b849079947ce7b3de3051fdf0	electric_bike	-121.9220715	37.337652	0	0	1	2020-01-04T00:46:48Z
7d04328e17837b90ec7b08da3c44eaa1	7d04328e17837b90ec7b08da3c44eaa1	electric_bike	-121.9333975	37.35702883333333	0	0	1	2020-01-04T00:46:48Z
ab4dcae94d6fe752d978f73812aa989d	ab4dcae94d6fe752d978f73812aa989d	electric_bike	-121.91708983333334	37.32258183333333	0	0	1	2020-01-04T00:46:48Z
f457dd1ca373a363e78228ca260c253c	f457dd1ca373a363e78228ca260c253c	electric_bike	-121.91713883333334	37.322516666666665	0	0	1	2020-01-04T00:46:48Z
a1201b222ce2f321ec64d155ce96ca1c	a1201b222ce2f321ec64d155ce96ca1c	electric_bike	-121.91543283333333	37.31879816666667	0	0	1	2020-01-04T00:46:48Z
cad8be9aebbf6ab3b031531d7a682b7f	cad8be9aebbf6ab3b031531d7a682b7f	electric_bike	-121.924264	37.33636716666667	0	0	1	2020-01-04T00:46:48Z
d0ac5663c69095a1661fcfcec2c6b4b9	d0ac5663c69095a1661fcfcec2c6b4b9	electric_bike	-121.91554916666666	37.3174605	0	0	1	2020-01-04T00:46:48Z
c7e26b2e189eb008b2424ee6f9fc4c60	c7e26b2e189eb008b2424ee6f9fc4c60	electric_bike	-121.92357266666667	37.33425033333333	0	0	1	2020-01-04T00:46:48Z
27498ce5e0561f8f70fed06b68ffa6e7	27498ce5e0561f8f70fed06b68ffa6e7	electric_bike	-121.9265885	37.33798433333333	0	0	1	2020-01-04T00:46:48Z
27e75fe5a85c80ca20014e7429c437b8	27e75fe5a85c80ca20014e7429c437b8	electric_bike	-121.92704733333333	37.335909	0	0	1	2020-01-04T00:46:48Z
5e430f66bb63a2edb093fabdb3e26ff9	5e430f66bb63a2edb093fabdb3e26ff9	electric_bike	-121.926948	37.33204166666667	0	0	1	2020-01-04T00:46:48Z
4be7e5fcb0d1c25aa0542ee554255bef	4be7e5fcb0d1c25aa0542ee554255bef	electric_bike	-121.92170533333334	37.320779	0	0	1	2020-01-04T00:46:48Z
0f44141eae42920860931c24fbdb38fc	0f44141eae42920860931c24fbdb38fc	electric_bike	-121.92674733333334	37.324858166666665	0	0	1	2020-01-04T00:46:48Z
eca3be087cd92a535c13559de98292b9	eca3be087cd92a535c13559de98292b9	electric_bike	-121.92497233333333	37.320696166666664	0	0	1	2020-01-04T00:46:48Z
85be9f267e1d05ae45a96b0c7a88d582	85be9f267e1d05ae45a96b0c7a88d582	electric_bike	-121.93093183333333	37.31751966666667	0	0	1	2020-01-04T00:46:48Z
003d4e6055c35d4addf6be951c871574	003d4e6055c35d4addf6be951c871574	electric_bike	-121.931646	37.315357	0	0	1	2020-01-04T00:46:48Z
96e02f6c0385a2f8578acfdc47a651a3	96e02f6c0385a2f8578acfdc47a651a3	electric_bike	-121.9314995	37.313109833333336	0	0	1	2020-01-04T00:46:48Z
6a9369952042d1ead897110dc62bad8c	6a9369952042d1ead897110dc62bad8c	electric_bike	-121.93484433333333	37.310915666666666	0	0	1	2020-01-04T00:46:48Z
d57844d5a27397ce7c2186d5f93b34b5	d57844d5a27397ce7c2186d5f93b34b5	electric_bike	-121.93148616666667	37.29866633333334	0	0	1	2020-01-04T00:46:48Z
f01249bdf018104f847e3e11421fe9a3	f01249bdf018104f847e3e11421fe9a3	electric_bike	-121.93816699999999	37.309408833333336	0	0	1	2020-01-04T00:46:48Z
cee24f86d43c0761c496224b2e396fb5	cee24f86d43c0761c496224b2e396fb5	electric_bike	-121.93895916666666	37.307679	0	0	1	2020-01-04T00:46:48Z
cdde5a50ecec7575527dc03fd298f0e2	cdde5a50ecec7575527dc03fd298f0e2	electric_bike	-121.94722133333333	37.31921366666667	0	0	1	2020-01-04T00:46:48Z
435cedaf4b537a38f1630d6e70cf8995	435cedaf4b537a38f1630d6e70cf8995	electric_bike	-121.93137233333333	37.28542766666666	0	0	1	2020-01-04T00:46:48Z
13590cc2886635974819e6fa54f6f3d4	13590cc2886635974819e6fa54f6f3d4	electric_bike	-121.9546505	37.328173	0	0	1	2020-01-04T00:46:48Z
8776bd55b7fcb3090c0e2327edfd54fd	8776bd55b7fcb3090c0e2327edfd54fd	electric_bike	-122.397947	37.796890833333336	0	0	2	2020-01-04T00:46:48Z
638c82b2f4e10bb9ef9d636a41e102ef	638c82b2f4e10bb9ef9d636a41e102ef	electric_bike	-122.39496833333334	37.790574666666664	0	0	2	2020-01-04T00:46:48Z
638b241e04d4a43d6e098212d05d4a06	638b241e04d4a43d6e098212d05d4a06	electric_bike	-122.40239783333334	37.804911	0	0	2	2020-01-04T00:46:48Z
89d0fb6ef1c9ca7fb9cf3cb29ff41c96	89d0fb6ef1c9ca7fb9cf3cb29ff41c96	electric_bike	-122.40243433333333	37.80488783333333	0	0	2	2020-01-04T00:46:48Z
a9fef67a3120b03fe7c4d63ff63d6e56	a9fef67a3120b03fe7c4d63ff63d6e56	electric_bike	-122.40247866666667	37.804974666666666	0	0	2	2020-01-04T00:46:48Z
868a222d90d5a760f9e5a66e5440d564	868a222d90d5a760f9e5a66e5440d564	electric_bike	-122.4024295	37.804868	0	0	2	2020-01-04T00:46:48Z
b0d21946d3010f4c57474af326f9585c	b0d21946d3010f4c57474af326f9585c	electric_bike	-122.40246866666666	37.80492266666667	0	0	2	2020-01-04T00:46:48Z
348b321d7d802fdd25809ca81181e134	348b321d7d802fdd25809ca81181e134	electric_bike	-122.40249	37.80496083333333	0	0	2	2020-01-04T00:46:48Z
392b70fbd5f30696d65ffdb719d5d4a8	392b70fbd5f30696d65ffdb719d5d4a8	electric_bike	-122.39533116666667	37.789489333333336	0	0	2	2020-01-04T00:46:48Z
60bfef0aab0d9a3e88cd557c02a0a14e	60bfef0aab0d9a3e88cd557c02a0a14e	electric_bike	-122.39258866666667	37.78120766666667	0	0	2	2020-01-04T00:46:48Z
1302e4bfda4382d3aa88d582ca48a1d5	1302e4bfda4382d3aa88d582ca48a1d5	electric_bike	-122.40309566666667	37.8022595	0	0	2	2020-01-04T00:46:48Z
9130ed96d9bdf2b9ee9deef9aa2b46c0	9130ed96d9bdf2b9ee9deef9aa2b46c0	electric_bike	-122.40294033333333	37.80024733333333	0	0	2	2020-01-04T00:46:48Z
93b3a37d3635a6979987301fe9032a28	93b3a37d3635a6979987301fe9032a28	electric_bike	-122.40646116666667	37.80735516666667	0	0	2	2020-01-04T00:46:48Z
db534c25df168b10462ff42510bf4256	db534c25df168b10462ff42510bf4256	electric_bike	-122.4050295	37.803927333333334	0	0	2	2020-01-04T00:46:48Z
5cff481f65e67bce281f5e46e694df89	5cff481f65e67bce281f5e46e694df89	electric_bike	-122.39691933333333	37.78699533333333	0	0	2	2020-01-04T00:46:48Z
5517965b9d156b9c4c8c732ba2bee79e	5517965b9d156b9c4c8c732ba2bee79e	electric_bike	-122.36933733333333	37.72746333333333	0	0	2	2020-01-04T00:46:48Z
58f962b1c2a81b3b91ec5735cc462bd4	58f962b1c2a81b3b91ec5735cc462bd4	electric_bike	-122.38794633333333	37.7636125	0	0	2	2020-01-04T00:46:48Z
4ae63b96e491726cd9199215ffb2d758	4ae63b96e491726cd9199215ffb2d758	electric_bike	-122.40632433333333	37.80093166666666	0	0	2	2020-01-04T00:46:48Z
dfd7537fb23d434e7978e9ebf41f10db	dfd7537fb23d434e7978e9ebf41f10db	electric_bike	-122.38860633333333	37.76450283333333	0	0	2	2020-01-04T00:46:48Z
bae0236709d020882609a82b22ee3325	bae0236709d020882609a82b22ee3325	electric_bike	-122.4039625	37.794762166666665	0	0	2	2020-01-04T00:46:48Z
e68c08a17f51fdf1e328e5da494b7f05	e68c08a17f51fdf1e328e5da494b7f05	electric_bike	-122.389058	37.763102333333336	0	0	2	2020-01-04T00:46:48Z
a18cf2efab4b7efc54efccfb240f2820	a18cf2efab4b7efc54efccfb240f2820	electric_bike	-122.40602516666667	37.7974165	0	0	2	2020-01-04T00:46:48Z
28de0a77c065bc07faf4402293689228	28de0a77c065bc07faf4402293689228	electric_bike	-122.39314233333333	37.7710065	0	0	2	2020-01-04T00:46:48Z
e46bc75749b010f2576470cfd04caff2	e46bc75749b010f2576470cfd04caff2	electric_bike	-122.406703	37.796253166666666	0	0	2	2020-01-04T00:46:48Z
7f4cce97c185b4a851dc1f73c4574f13	7f4cce97c185b4a851dc1f73c4574f13	electric_bike	-122.388026	37.75704533333333	0	0	2	2020-01-04T00:46:48Z
765a92b0ef2cdaeb8c5341c118d9f3f0	765a92b0ef2cdaeb8c5341c118d9f3f0	electric_bike	-122.40928583333333	37.800051333333336	0	0	2	2020-01-04T00:46:48Z
f1bca86715df0fabe380834bf285dc70	f1bca86715df0fabe380834bf285dc70	electric_bike	-122.40869966666666	37.798714	0	0	2	2020-01-04T00:46:48Z
41626cb858c2095db7b70d3df2cce4a4	41626cb858c2095db7b70d3df2cce4a4	electric_bike	-122.4125435	37.80561766666667	0	0	2	2020-01-04T00:46:48Z
d85696d8bec9bf6482fb1cedf84cebf1	d85696d8bec9bf6482fb1cedf84cebf1	electric_bike	-122.41259116666667	37.80563766666667	0	0	2	2020-01-04T00:46:48Z
7b42ddb3ee340b9071f657d9ce92f3ea	7b42ddb3ee340b9071f657d9ce92f3ea	electric_bike	-122.4111	37.802183666666664	0	0	2	2020-01-04T00:46:48Z
90a56bfb9fdef42a7387013a9cf5f645	90a56bfb9fdef42a7387013a9cf5f645	electric_bike	-122.41362016666666	37.80599483333334	0	0	2	2020-01-04T00:46:48Z
b9f4eec926e6019eae75d1e50f18eafc	b9f4eec926e6019eae75d1e50f18eafc	electric_bike	-122.4136465	37.806001	0	0	2	2020-01-04T00:46:48Z
7ba2450f91eddc0df5a46f182487690c	7ba2450f91eddc0df5a46f182487690c	electric_bike	-122.4078235	37.7938315	0	0	2	2020-01-04T00:46:48Z
06ec423b7b13ee1c41569e281ba66cd1	06ec423b7b13ee1c41569e281ba66cd1	electric_bike	-122.41351	37.8053015	0	0	2	2020-01-04T00:46:48Z
6b904f0484f73c8f72579e5eba1ed7a5	6b904f0484f73c8f72579e5eba1ed7a5	electric_bike	-122.41367816666667	37.805435833333334	0	0	2	2020-01-04T00:46:48Z
74bfb7e889c6c67818361d2781aaeac5	74bfb7e889c6c67818361d2781aaeac5	electric_bike	-122.4143055	37.805482833333336	0	0	2	2020-01-04T00:46:48Z
656c0f3b2cb684e02586693ea483d289	656c0f3b2cb684e02586693ea483d289	electric_bike	-122.4130345	37.80268266666667	0	0	2	2020-01-04T00:46:48Z
326dd2864bc11ab1a919e52742ccd3fe	326dd2864bc11ab1a919e52742ccd3fe	electric_bike	-122.41496966666666	37.80534866666667	0	0	2	2020-01-04T00:46:48Z
6d4aa4e01e6f5bed0f62664429136f4e	6d4aa4e01e6f5bed0f62664429136f4e	electric_bike	-122.41511966666667	37.8053395	0	0	2	2020-01-04T00:46:48Z
1c604390138cf4d3846be3e9ef1e449a	1c604390138cf4d3846be3e9ef1e449a	electric_bike	-122.389957	37.75418833333333	0	0	2	2020-01-04T00:46:48Z
b122c552c46e62167ed4510e43376f42	b122c552c46e62167ed4510e43376f42	electric_bike	-122.40431916666667	37.78127583333333	0	0	2	2020-01-04T00:46:48Z
c39c8b71a4d6bc1a8a04bbaa0742012c	c39c8b71a4d6bc1a8a04bbaa0742012c	electric_bike	-122.4108865	37.794566	0	0	2	2020-01-04T00:46:48Z
d623802370ca58f6b66626a2d0f941e0	d623802370ca58f6b66626a2d0f941e0	electric_bike	-122.41229283333334	37.797099	0	0	2	2020-01-04T00:46:48Z
4bd61b2a1a49d424346e65783eea58a1	4bd61b2a1a49d424346e65783eea58a1	electric_bike	-122.4188755	37.807064	0	0	2	2020-01-04T00:46:48Z
de10daa80b2c59a83f7be09c5c69f155	de10daa80b2c59a83f7be09c5c69f155	electric_bike	-122.39776016666667	37.76371666666667	0	0	2	2020-01-04T00:46:48Z
e3db3ce7e6ebec2b1bfaeecb2b2afb61	e3db3ce7e6ebec2b1bfaeecb2b2afb61	electric_bike	-122.41111716666667	37.7898205	0	0	2	2020-01-04T00:46:48Z
eeee5285662ba0bc20b1b991d8616a24	eeee5285662ba0bc20b1b991d8616a24	electric_bike	-122.39361783333334	37.75279316666666	0	0	2	2020-01-04T00:46:48Z
0e68d1256bd347bf96ad11bd67b72e01	0e68d1256bd347bf96ad11bd67b72e01	electric_bike	-122.406716	37.77850433333333	0	0	2	2020-01-04T00:46:48Z
6f45280af306bea1d9c2d0711686c777	6f45280af306bea1d9c2d0711686c777	electric_bike	-122.42052716666667	37.805681166666666	0	0	2	2020-01-04T00:46:48Z
162ca12c18165daf589991ded3d3ba37	162ca12c18165daf589991ded3d3ba37	electric_bike	-122.38848983333334	37.740258833333336	0	0	2	2020-01-04T00:46:48Z
e8c6ecc0fee1208904e4a19e1106e37f	e8c6ecc0fee1208904e4a19e1106e37f	electric_bike	-122.4217235	37.807574833333334	0	0	2	2020-01-04T00:46:48Z
3fa25d35ea1e814eebeb305b6397a465	3fa25d35ea1e814eebeb305b6397a465	electric_bike	-122.417186	37.79781066666666	0	0	2	2020-01-04T00:46:48Z
098fb05a68633100a385ece08348103b	098fb05a68633100a385ece08348103b	electric_bike	-122.41975133333334	37.801909	0	0	2	2020-01-04T00:46:48Z
48134920805480177a3b8d47c4683c3f	48134920805480177a3b8d47c4683c3f	electric_bike	-122.41002616666667	37.778341166666664	0	0	2	2020-01-04T00:46:48Z
d6031ceb4fa3c698d1282d5e79e25b76	d6031ceb4fa3c698d1282d5e79e25b76	electric_bike	-122.41503733333333	37.78650366666667	0	0	2	2020-01-04T00:46:48Z
c358b4c7807090024a0da2d20194af46	c358b4c7807090024a0da2d20194af46	electric_bike	-122.41773583333334	37.79094716666667	0	0	2	2020-01-04T00:46:48Z
a87dba3d397f63ebbdf106e6e744339a	a87dba3d397f63ebbdf106e6e744339a	electric_bike	-122.40311266666667	37.76039566666667	0	0	2	2020-01-04T00:46:48Z
c1cc692bfbd26b020e2f73e07c1437f4	c1cc692bfbd26b020e2f73e07c1437f4	electric_bike	-122.40044233333333	37.749649166666664	0	0	2	2020-01-04T00:46:48Z
94d4aea733bc865b419a97f7f48d1ac9	94d4aea733bc865b419a97f7f48d1ac9	electric_bike	-122.41949533333333	37.78598183333333	0	0	2	2020-01-04T00:46:48Z
56e5de68bdb53a9509b32bebf10e81b9	56e5de68bdb53a9509b32bebf10e81b9	electric_bike	-122.41866683333333	37.783129333333335	0	0	2	2020-01-04T00:46:48Z
1e1a0d806f98b37758718f24cbc53861	1e1a0d806f98b37758718f24cbc53861	electric_bike	-122.41861683333333	37.7761465	0	0	2	2020-01-04T00:46:48Z
9dc0b00388ec81bc1b51db20517ae775	9dc0b00388ec81bc1b51db20517ae775	electric_bike	-122.3917085	37.717713333333336	0	0	2	2020-01-04T00:46:48Z
273ab422b85ec75f1e4b2c2425f6033b	273ab422b85ec75f1e4b2c2425f6033b	electric_bike	-122.41387966666667	37.76269466666667	0	0	2	2020-01-04T00:46:48Z
e703f02efd9703c6bfa719fab0cd8d02	e703f02efd9703c6bfa719fab0cd8d02	electric_bike	-122.4180155	37.770609	0	0	2	2020-01-04T00:46:48Z
59789e4439e6b3fa189ebd8bc6208759	59789e4439e6b3fa189ebd8bc6208759	electric_bike	-122.40455883333334	37.739780333333336	0	0	2	2020-01-04T00:46:48Z
de114343d54d0f8ae8596836ee806ddc	de114343d54d0f8ae8596836ee806ddc	electric_bike	-122.42198366666666	37.77320533333334	0	0	2	2020-01-04T00:46:48Z
8dbfb21c3f80a4de4cc4cd2aff53f1b6	8dbfb21c3f80a4de4cc4cd2aff53f1b6	electric_bike	-122.4249495	37.77801133333333	0	0	2	2020-01-04T00:46:48Z
52904245153187655589e3f5bcf55322	52904245153187655589e3f5bcf55322	electric_bike	-122.428788	37.785623666666666	0	0	2	2020-01-04T00:46:48Z
78fc668d9c0e331db787fe6f71cd4786	78fc668d9c0e331db787fe6f71cd4786	electric_bike	-122.42425233333333	37.775881166666665	0	0	2	2020-01-04T00:46:48Z
9771776378813315cf558a39a3d944a3	9771776378813315cf558a39a3d944a3	electric_bike	-122.42454166666667	37.7764325	0	0	2	2020-01-04T00:46:48Z
e7075aab2760558f68d3c9eb28b83317	e7075aab2760558f68d3c9eb28b83317	electric_bike	-122.41737966666666	37.76046566666667	0	0	2	2020-01-04T00:46:48Z
97492da38c3d13c8ade0307bf4e4747a	97492da38c3d13c8ade0307bf4e4747a	electric_bike	-122.42339866666667	37.77237266666667	0	0	2	2020-01-04T00:46:48Z
fbb4b479490605872d050e63debcc3a3	fbb4b479490605872d050e63debcc3a3	electric_bike	-122.43942416666667	37.804014	0	0	2	2020-01-04T00:46:48Z
cce7276dcb2548fd0cdbbfcfe7d18668	cce7276dcb2548fd0cdbbfcfe7d18668	electric_bike	-122.42574033333334	37.775526	0	0	2	2020-01-04T00:46:48Z
6b0126b22ce46a3c41d43255d1921e36	6b0126b22ce46a3c41d43255d1921e36	electric_bike	-122.438212	37.8005555	0	0	2	2020-01-04T00:46:48Z
912b741dbed44cacb9cede0674739bbd	912b741dbed44cacb9cede0674739bbd	electric_bike	-122.43967333333333	37.80282416666667	0	0	2	2020-01-04T00:46:48Z
957ff21746119679e2f54ab4187ca8da	957ff21746119679e2f54ab4187ca8da	electric_bike	-122.42568083333333	37.7737335	0	0	2	2020-01-04T00:46:48Z
4d5aa47c29c859bf105845c3f6c807a0	4d5aa47c29c859bf105845c3f6c807a0	electric_bike	-122.43127266666667	37.784235333333335	0	0	2	2020-01-04T00:46:48Z
c87ae5dbee28025ffd5de8297e014368	c87ae5dbee28025ffd5de8297e014368	electric_bike	-122.41982683333333	37.75855333333333	0	0	2	2020-01-04T00:46:48Z
57c99479545ff6c093cc5991d28bbf32	57c99479545ff6c093cc5991d28bbf32	electric_bike	-122.41353883333333	37.745372833333334	0	0	2	2020-01-04T00:46:48Z
d9a71bfc72517e7f1fa4c7774749dad3	d9a71bfc72517e7f1fa4c7774749dad3	electric_bike	-122.44106483333333	37.799952166666664	0	0	2	2020-01-04T00:46:48Z
8ee7327d7f2526ae80737b0270be85d1	8ee7327d7f2526ae80737b0270be85d1	electric_bike	-122.42495183333334	37.766406833333335	0	0	2	2020-01-04T00:46:48Z
4301ba4706f95060fa6c397f235cc9ce	4301ba4706f95060fa6c397f235cc9ce	electric_bike	-122.42491883333334	37.765678	0	0	2	2020-01-04T00:46:48Z
0bea2331ff6a2d111776c28dbd98c8e5	0bea2331ff6a2d111776c28dbd98c8e5	electric_bike	-122.42277983333334	37.758944	0	0	2	2020-01-04T00:46:48Z
2ac28cc8c6692e1485c6b07b179bfa21	2ac28cc8c6692e1485c6b07b179bfa21	electric_bike	-122.44341583333333	37.7998915	0	0	2	2020-01-04T00:46:48Z
64d02788d30915dd781c48915074d2ae	64d02788d30915dd781c48915074d2ae	electric_bike	-122.44351016666667	37.799948	0	0	2	2020-01-04T00:46:48Z
82e6b62e72b0a23be953114ddb324508	82e6b62e72b0a23be953114ddb324508	electric_bike	-122.443273	37.798068	0	0	2	2020-01-04T00:46:48Z
2e1bc696474e49685a6cb5d5d56aae36	2e1bc696474e49685a6cb5d5d56aae36	electric_bike	-122.44759383333333	37.799572833333336	0	0	2	2020-01-04T00:46:48Z
3f78fedf41962aafdc069dbeed61c282	3f78fedf41962aafdc069dbeed61c282	electric_bike	-122.447233	37.79804166666667	0	0	2	2020-01-04T00:46:48Z
550260375dda4af229fadeb699eb6f5f	550260375dda4af229fadeb699eb6f5f	electric_bike	-122.43838866666667	37.77740433333334	0	0	2	2020-01-04T00:46:48Z
a80b0913f68261c784d5ca4e6001aa77	a80b0913f68261c784d5ca4e6001aa77	electric_bike	-122.41663233333334	37.7324335	0	0	2	2020-01-04T00:46:48Z
4f41eea95ce4f985901eb4cba5a22130	4f41eea95ce4f985901eb4cba5a22130	electric_bike	-122.4465535	37.79293966666667	0	0	2	2020-01-04T00:46:48Z
f7e8213f02358b3fa21396c03c42efbd	f7e8213f02358b3fa21396c03c42efbd	electric_bike	-122.43953733333333	37.77867966666667	0	0	2	2020-01-04T00:46:48Z
31bccff4c411bf491d626bfd276c316a	31bccff4c411bf491d626bfd276c316a	electric_bike	-122.40707716666667	37.71133833333333	0	0	2	2020-01-04T00:46:48Z
a1949ff369b5eba7859cecfe80f541d0	a1949ff369b5eba7859cecfe80f541d0	electric_bike	-122.4316295	37.76041466666667	0	0	2	2020-01-04T00:46:48Z
ff540b448d57c100a1d8d994be57e101	ff540b448d57c100a1d8d994be57e101	electric_bike	-122.428679	37.753166	0	0	2	2020-01-04T00:46:48Z
1d2ba504855c8ab89e7124c9201082ea	1d2ba504855c8ab89e7124c9201082ea	electric_bike	-122.43453733333334	37.76329483333333	0	0	2	2020-01-04T00:46:48Z
ac9da458ec327bc50e83ccb6b7ee3cb9	ac9da458ec327bc50e83ccb6b7ee3cb9	electric_bike	-122.426768	37.7436175	0	0	2	2020-01-04T00:46:48Z
6f4c73ee7c4531e19c7fb1d1cbe176bb	6f4c73ee7c4531e19c7fb1d1cbe176bb	electric_bike	-122.422844	37.73559233333334	0	0	2	2020-01-04T00:46:48Z
4ca0a09640f577c1d2fe26877014944a	4ca0a09640f577c1d2fe26877014944a	electric_bike	-122.44092783333333	37.7717235	0	0	2	2020-01-04T00:46:48Z
dcf739c207aec51fb0612fcc3ac4a044	dcf739c207aec51fb0612fcc3ac4a044	electric_bike	-122.4385805	37.766352833333336	0	0	2	2020-01-04T00:46:48Z
4a1c66d917e87de08ef8ddd9f14265db	4a1c66d917e87de08ef8ddd9f14265db	electric_bike	-122.43952433333334	37.7667255	0	0	2	2020-01-04T00:46:48Z
ae6520b4d9ac8261bf98a046c967fc2f	ae6520b4d9ac8261bf98a046c967fc2f	electric_bike	-122.434516	37.752128	0	0	2	2020-01-04T00:46:48Z
d387a8f917bd8a98b08b06033033b1e8	d387a8f917bd8a98b08b06033033b1e8	electric_bike	-122.43876716666666	37.755528166666664	0	0	2	2020-01-04T00:46:48Z
5319174f1ec19cf65901a4c7802e469b	5319174f1ec19cf65901a4c7802e469b	electric_bike	-122.42830016666667	37.72998833333333	0	0	2	2020-01-04T00:46:48Z
32e3965ffa39533da3ef232f1cc43148	32e3965ffa39533da3ef232f1cc43148	electric_bike	-122.43763583333333	37.743774	0	0	2	2020-01-04T00:46:48Z
218e0650d67216ac7b29a0404f682b5e	218e0650d67216ac7b29a0404f682b5e	electric_bike	-122.45271733333334	37.774074	0	0	2	2020-01-04T00:46:48Z
77fef86ec64616186e8cfa955ace2fb1	77fef86ec64616186e8cfa955ace2fb1	electric_bike	-122.43815783333334	37.744041	0	0	2	2020-01-04T00:46:48Z
ae119d706ba94b6f2f37f650969d1b5d	ae119d706ba94b6f2f37f650969d1b5d	electric_bike	-122.43371933333333	37.73411566666667	0	0	2	2020-01-04T00:46:48Z
1b04a12dd4f23974977a1b9df6e70d2a	1b04a12dd4f23974977a1b9df6e70d2a	electric_bike	-122.449675	37.76505216666666	0	0	2	2020-01-04T00:46:48Z
458b731d7dbe6609e0cb648390cd2fef	458b731d7dbe6609e0cb648390cd2fef	electric_bike	-122.44394983333333	37.748259	0	0	2	2020-01-04T00:46:48Z
1aedb62bae6a192a1f1da8c8f1c25ec5	1aedb62bae6a192a1f1da8c8f1c25ec5	electric_bike	-122.44395516666667	37.748230166666666	0	0	2	2020-01-04T00:46:48Z
ddf4be936c142070618486da1f3574c9	ddf4be936c142070618486da1f3574c9	electric_bike	-122.47533166666666	37.80805566666667	0	0	2	2020-01-04T00:46:48Z
77a6531587a0180912e758ed58b587da	77a6531587a0180912e758ed58b587da	electric_bike	-122.4713045	37.78638633333333	0	0	2	2020-01-04T00:46:48Z
877c66961dcd0b8111393e024975234d	877c66961dcd0b8111393e024975234d	electric_bike	-122.46600483333333	37.774800166666665	0	0	2	2020-01-04T00:46:48Z
290c313ce2ea3acedf24ead989836547	290c313ce2ea3acedf24ead989836547	electric_bike	-122.44369716666667	37.71726833333334	0	0	2	2020-01-04T00:46:48Z
147e1cd02f43c02a1a56e24109614e36	147e1cd02f43c02a1a56e24109614e36	electric_bike	-122.44465116666667	37.7162605	0	0	2	2020-01-04T00:46:48Z
0229c10006dc4ff79273744d0974dd74	0229c10006dc4ff79273744d0974dd74	electric_bike	-122.48382266666667	37.780618	0	0	2	2020-01-04T00:46:48Z
81a485a8ac80c38edb454133081c4b35	81a485a8ac80c38edb454133081c4b35	electric_bike	-122.48584366666667	37.78100416666667	0	0	2	2020-01-04T00:46:48Z
d960034999918f5f2aabc59f3226930f	d960034999918f5f2aabc59f3226930f	electric_bike	-122.4772355	37.76191216666667	0	0	2	2020-01-04T00:46:48Z
cc7bdc630812eb38299ec65deb497d14	cc7bdc630812eb38299ec65deb497d14	electric_bike	-122.49188583333333	37.78179316666667	0	0	2	2020-01-04T00:46:48Z
a551303c44574ce829149ffc2a8c685b	a551303c44574ce829149ffc2a8c685b	electric_bike	-122.49341466666667	37.78360216666667	0	0	2	2020-01-04T00:46:48Z
eb20f2ff50ae8cf127847fbda8dcaf56	eb20f2ff50ae8cf127847fbda8dcaf56	electric_bike	-122.50815583333333	37.77995383333333	0	0	2	2020-01-04T00:46:48Z
47b6a8c86347cf7b0018271b5e762890	47b6a8c86347cf7b0018271b5e762890	electric_bike	-122.508237	37.779938333333334	0	0	2	2020-01-04T00:46:48Z
584788eb7374ac4646a8ac531cfee555	584788eb7374ac4646a8ac531cfee555	electric_bike	-122.50877933333334	37.77983316666667	0	0	2	2020-01-04T00:46:48Z
